country,avg_pollutant_level
Indonesia,440.8984294478528
China,292.1933157894737
India,277.465
Iran,265.67868421052634
Qatar,222.66894736842104
Saudi Arabia,218.89721052631575
Chile,211.3052631578948
Malaysia,209.8198947368421
Bahrain,204.13494736842105
Kuwait,199.41494736842105
